Romance/36848-0.txt,Love,5
Romance/36848-0.txt,affair,3
Romance/36848-0.txt,heart,19
Romance/36848-0.txt,forgiveness,0
Romance/36848-0.txt,lover,0
Romance/36848-0.txt,lovers,0
Romance/36848-0.txt,kissed,0
Romance/36848-0.txt,madness,0
Romance/36848-0.txt,special,8
Romance/36848-0.txt,feelings,0
Romance/36848-0.txt,baby,0
Romance/36848-0.txt,fall,38
Romance/36848-0.txt,desire,9
Romance/36848-0.txt,loved,3
Romance/36848-0.txt,darling,0
Romance/36848-0.txt,Total Count of Romance words,85
,,
Romance/pg27856.txt,Love,9
Romance/pg27856.txt,affair,11
Romance/pg27856.txt,heart,159
Romance/pg27856.txt,forgiveness,0
Romance/pg27856.txt,lover,26
Romance/pg27856.txt,lovers,0
Romance/pg27856.txt,kissed,24
Romance/pg27856.txt,madness,1
Romance/pg27856.txt,special,7
Romance/pg27856.txt,feelings,4
Romance/pg27856.txt,baby,5
Romance/pg27856.txt,fall,50
Romance/pg27856.txt,desire,17
Romance/pg27856.txt,loved,29
Romance/pg27856.txt,darling,45
Romance/pg27856.txt,Total Count of Romance words,387
,,
Romance/pg12753.txt,Love,0
Romance/pg12753.txt,affair,0
Romance/pg12753.txt,heart,85
Romance/pg12753.txt,forgiveness,0
Romance/pg12753.txt,lover,3
Romance/pg12753.txt,lovers,0
Romance/pg12753.txt,kissed,10
Romance/pg12753.txt,madness,1
Romance/pg12753.txt,special,3
Romance/pg12753.txt,feelings,0
Romance/pg12753.txt,baby,0
Romance/pg12753.txt,fall,38
Romance/pg12753.txt,desire,39
Romance/pg12753.txt,loved,30
Romance/pg12753.txt,darling,0
Romance/pg12753.txt,Total Count of Romance words,209
,,
Romance/pg32443.txt,Love,5
Romance/pg32443.txt,affair,0
Romance/pg32443.txt,heart,29
Romance/pg32443.txt,forgiveness,0
Romance/pg32443.txt,lover,0
Romance/pg32443.txt,lovers,0
Romance/pg32443.txt,kissed,4
Romance/pg32443.txt,madness,10
Romance/pg32443.txt,special,7
Romance/pg32443.txt,feelings,0
Romance/pg32443.txt,baby,0
Romance/pg32443.txt,fall,24
Romance/pg32443.txt,desire,2
Romance/pg32443.txt,loved,10
Romance/pg32443.txt,darling,0
Romance/pg32443.txt,Total Count of Romance words,91
,,
Romance/59181-0.txt,Love,14
Romance/59181-0.txt,affair,10
Romance/59181-0.txt,heart,144
Romance/59181-0.txt,forgiveness,3
Romance/59181-0.txt,lover,4
Romance/59181-0.txt,lovers,1
Romance/59181-0.txt,kissed,8
Romance/59181-0.txt,madness,12
Romance/59181-0.txt,special,13
Romance/59181-0.txt,feelings,2
Romance/59181-0.txt,baby,4
Romance/59181-0.txt,fall,25
Romance/59181-0.txt,desire,37
Romance/59181-0.txt,loved,36
Romance/59181-0.txt,darling,32
Romance/59181-0.txt,Total Count of Romance words,345
,,
Romance/59963-0.txt,Love,27
Romance/59963-0.txt,affair,39
Romance/59963-0.txt,heart,114
Romance/59963-0.txt,forgiveness,2
Romance/59963-0.txt,lover,17
Romance/59963-0.txt,lovers,4
Romance/59963-0.txt,kissed,43
Romance/59963-0.txt,madness,2
Romance/59963-0.txt,special,5
Romance/59963-0.txt,feelings,5
Romance/59963-0.txt,baby,2
Romance/59963-0.txt,fall,20
Romance/59963-0.txt,desire,13
Romance/59963-0.txt,loved,33
Romance/59963-0.txt,darling,15
Romance/59963-0.txt,Total Count of Romance words,341
,,
Romance/265-0.txt,Love,1
Romance/265-0.txt,affair,4
Romance/265-0.txt,heart,12
Romance/265-0.txt,forgiveness,0
Romance/265-0.txt,lover,3
Romance/265-0.txt,lovers,0
Romance/265-0.txt,kissed,2
Romance/265-0.txt,madness,1
Romance/265-0.txt,special,1
Romance/265-0.txt,feelings,0
Romance/265-0.txt,baby,0
Romance/265-0.txt,fall,11
Romance/265-0.txt,desire,1
Romance/265-0.txt,loved,4
Romance/265-0.txt,darling,3
Romance/265-0.txt,Total Count of Romance words,43
,,
Romance/pg5926.txt,Love,6
Romance/pg5926.txt,affair,0
Romance/pg5926.txt,heart,5
Romance/pg5926.txt,forgiveness,0
Romance/pg5926.txt,lover,0
Romance/pg5926.txt,lovers,0
Romance/pg5926.txt,kissed,1
Romance/pg5926.txt,madness,0
Romance/pg5926.txt,special,3
Romance/pg5926.txt,feelings,0
Romance/pg5926.txt,baby,0
Romance/pg5926.txt,fall,3
Romance/pg5926.txt,desire,1
Romance/pg5926.txt,loved,1
Romance/pg5926.txt,darling,0
Romance/pg5926.txt,Total Count of Romance words,20
,,
Romance/pg5929.txt,Love,0
Romance/pg5929.txt,affair,1
Romance/pg5929.txt,heart,19
Romance/pg5929.txt,forgiveness,0
Romance/pg5929.txt,lover,2
Romance/pg5929.txt,lovers,1
Romance/pg5929.txt,kissed,0
Romance/pg5929.txt,madness,0
Romance/pg5929.txt,special,3
Romance/pg5929.txt,feelings,1
Romance/pg5929.txt,baby,0
Romance/pg5929.txt,fall,6
Romance/pg5929.txt,desire,0
Romance/pg5929.txt,loved,1
Romance/pg5929.txt,darling,0
Romance/pg5929.txt,Total Count of Romance words,34
,,
Romance/60241-0.txt,Love,5
Romance/60241-0.txt,affair,12
Romance/60241-0.txt,heart,82
Romance/60241-0.txt,forgiveness,3
Romance/60241-0.txt,lover,13
Romance/60241-0.txt,lovers,4
Romance/60241-0.txt,kissed,10
Romance/60241-0.txt,madness,1
Romance/60241-0.txt,special,15
Romance/60241-0.txt,feelings,4
Romance/60241-0.txt,baby,15
Romance/60241-0.txt,fall,28
Romance/60241-0.txt,desire,30
Romance/60241-0.txt,loved,37
Romance/60241-0.txt,darling,44
Romance/60241-0.txt,Total Count of Romance words,303
,,
Romance/pg5907.txt,Love,3
Romance/pg5907.txt,affair,1
Romance/pg5907.txt,heart,6
Romance/pg5907.txt,forgiveness,0
Romance/pg5907.txt,lover,5
Romance/pg5907.txt,lovers,1
Romance/pg5907.txt,kissed,0
Romance/pg5907.txt,madness,1
Romance/pg5907.txt,special,2
Romance/pg5907.txt,feelings,0
Romance/pg5907.txt,baby,0
Romance/pg5907.txt,fall,10
Romance/pg5907.txt,desire,6
Romance/pg5907.txt,loved,3
Romance/pg5907.txt,darling,0
Romance/pg5907.txt,Total Count of Romance words,38
,,
Romance/52941-0.txt,Love,3
Romance/52941-0.txt,affair,2
Romance/52941-0.txt,heart,81
Romance/52941-0.txt,forgiveness,0
Romance/52941-0.txt,lover,2
Romance/52941-0.txt,lovers,0
Romance/52941-0.txt,kissed,38
Romance/52941-0.txt,madness,0
Romance/52941-0.txt,special,7
Romance/52941-0.txt,feelings,1
Romance/52941-0.txt,baby,0
Romance/52941-0.txt,fall,41
Romance/52941-0.txt,desire,40
Romance/52941-0.txt,loved,40
Romance/52941-0.txt,darling,0
Romance/52941-0.txt,Total Count of Romance words,255
,,
Romance/51099-0.txt,Love,22
Romance/51099-0.txt,affair,2
Romance/51099-0.txt,heart,104
Romance/51099-0.txt,forgiveness,2
Romance/51099-0.txt,lover,12
Romance/51099-0.txt,lovers,2
Romance/51099-0.txt,kissed,18
Romance/51099-0.txt,madness,0
Romance/51099-0.txt,special,8
Romance/51099-0.txt,feelings,1
Romance/51099-0.txt,baby,1
Romance/51099-0.txt,fall,41
Romance/51099-0.txt,desire,32
Romance/51099-0.txt,loved,32
Romance/51099-0.txt,darling,0
Romance/51099-0.txt,Total Count of Romance words,277
,,
Romance/53808-0.txt,Love,4
Romance/53808-0.txt,affair,1
Romance/53808-0.txt,heart,21
Romance/53808-0.txt,forgiveness,0
Romance/53808-0.txt,lover,2
Romance/53808-0.txt,lovers,2
Romance/53808-0.txt,kissed,2
Romance/53808-0.txt,madness,0
Romance/53808-0.txt,special,4
Romance/53808-0.txt,feelings,6
Romance/53808-0.txt,baby,3
Romance/53808-0.txt,fall,15
Romance/53808-0.txt,desire,16
Romance/53808-0.txt,loved,6
Romance/53808-0.txt,darling,1
Romance/53808-0.txt,Total Count of Romance words,83
,,
Romance/pg8447.txt,Love,0
Romance/pg8447.txt,affair,0
Romance/pg8447.txt,heart,42
Romance/pg8447.txt,forgiveness,0
Romance/pg8447.txt,lover,0
Romance/pg8447.txt,lovers,0
Romance/pg8447.txt,kissed,1
Romance/pg8447.txt,madness,0
Romance/pg8447.txt,special,2
Romance/pg8447.txt,feelings,0
Romance/pg8447.txt,baby,0
Romance/pg8447.txt,fall,35
Romance/pg8447.txt,desire,11
Romance/pg8447.txt,loved,3
Romance/pg8447.txt,darling,0
Romance/pg8447.txt,Total Count of Romance words,94
,,
Romance/pg5939.txt,Love,0
Romance/pg5939.txt,affair,1
Romance/pg5939.txt,heart,8
Romance/pg5939.txt,forgiveness,0
Romance/pg5939.txt,lover,0
Romance/pg5939.txt,lovers,0
Romance/pg5939.txt,kissed,0
Romance/pg5939.txt,madness,1
Romance/pg5939.txt,special,3
Romance/pg5939.txt,feelings,1
Romance/pg5939.txt,baby,0
Romance/pg5939.txt,fall,7
Romance/pg5939.txt,desire,3
Romance/pg5939.txt,loved,2
Romance/pg5939.txt,darling,0
Romance/pg5939.txt,Total Count of Romance words,26
,,
Romance/pg7248.txt,Love,0
Romance/pg7248.txt,affair,0
Romance/pg7248.txt,heart,9
Romance/pg7248.txt,forgiveness,0
Romance/pg7248.txt,lover,0
Romance/pg7248.txt,lovers,0
Romance/pg7248.txt,kissed,0
Romance/pg7248.txt,madness,0
Romance/pg7248.txt,special,3
Romance/pg7248.txt,feelings,2
Romance/pg7248.txt,baby,3
Romance/pg7248.txt,fall,8
Romance/pg7248.txt,desire,0
Romance/pg7248.txt,loved,0
Romance/pg7248.txt,darling,1
Romance/pg7248.txt,Total Count of Romance words,26
,,
Romance/pg5931.txt,Love,0
Romance/pg5931.txt,affair,0
Romance/pg5931.txt,heart,7
Romance/pg5931.txt,forgiveness,0
Romance/pg5931.txt,lover,0
Romance/pg5931.txt,lovers,0
Romance/pg5931.txt,kissed,0
Romance/pg5931.txt,madness,1
Romance/pg5931.txt,special,1
Romance/pg5931.txt,feelings,0
Romance/pg5931.txt,baby,0
Romance/pg5931.txt,fall,4
Romance/pg5931.txt,desire,1
Romance/pg5931.txt,loved,0
Romance/pg5931.txt,darling,0
Romance/pg5931.txt,Total Count of Romance words,14
,,
Romance/60174-0.txt,Love,5
Romance/60174-0.txt,affair,81
Romance/60174-0.txt,heart,552
Romance/60174-0.txt,forgiveness,23
Romance/60174-0.txt,lover,15
Romance/60174-0.txt,lovers,1
Romance/60174-0.txt,kissed,12
Romance/60174-0.txt,madness,1
Romance/60174-0.txt,special,5
Romance/60174-0.txt,feelings,191
Romance/60174-0.txt,baby,0
Romance/60174-0.txt,fall,63
Romance/60174-0.txt,desire,190
Romance/60174-0.txt,loved,84
Romance/60174-0.txt,darling,11
Romance/60174-0.txt,Total Count of Romance words,1234
,,
Romance/pg1152.txt,Love,0
Romance/pg1152.txt,affair,0
Romance/pg1152.txt,heart,177
Romance/pg1152.txt,forgiveness,0
Romance/pg1152.txt,lover,2
Romance/pg1152.txt,lovers,0
Romance/pg1152.txt,kissed,4
Romance/pg1152.txt,madness,0
Romance/pg1152.txt,special,6
Romance/pg1152.txt,feelings,0
Romance/pg1152.txt,baby,0
Romance/pg1152.txt,fall,61
Romance/pg1152.txt,desire,11
Romance/pg1152.txt,loved,23
Romance/pg1152.txt,darling,2
Romance/pg1152.txt,Total Count of Romance words,286
,,
Romance/54539-0.txt,Love,0
Romance/54539-0.txt,affair,12
Romance/54539-0.txt,heart,14
Romance/54539-0.txt,forgiveness,1
Romance/54539-0.txt,lover,1
Romance/54539-0.txt,lovers,0
Romance/54539-0.txt,kissed,0
Romance/54539-0.txt,madness,0
Romance/54539-0.txt,special,35
Romance/54539-0.txt,feelings,1
Romance/54539-0.txt,baby,0
Romance/54539-0.txt,fall,40
Romance/54539-0.txt,desire,12
Romance/54539-0.txt,loved,1
Romance/54539-0.txt,darling,0
Romance/54539-0.txt,Total Count of Romance words,117
,,
Romance/2610-0.txt,Love,2
Romance/2610-0.txt,affair,22
Romance/2610-0.txt,heart,107
Romance/2610-0.txt,forgiveness,0
Romance/2610-0.txt,lover,13
Romance/2610-0.txt,lovers,7
Romance/2610-0.txt,kissed,7
Romance/2610-0.txt,madness,6
Romance/2610-0.txt,special,28
Romance/2610-0.txt,feelings,0
Romance/2610-0.txt,baby,1
Romance/2610-0.txt,fall,77
Romance/2610-0.txt,desire,23
Romance/2610-0.txt,loved,29
Romance/2610-0.txt,darling,0
Romance/2610-0.txt,Total Count of Romance words,322
,,
Romance/pg5932.txt,Love,0
Romance/pg5932.txt,affair,2
Romance/pg5932.txt,heart,11
Romance/pg5932.txt,forgiveness,0
Romance/pg5932.txt,lover,1
Romance/pg5932.txt,lovers,0
Romance/pg5932.txt,kissed,1
Romance/pg5932.txt,madness,1
Romance/pg5932.txt,special,3
Romance/pg5932.txt,feelings,0
Romance/pg5932.txt,baby,0
Romance/pg5932.txt,fall,3
Romance/pg5932.txt,desire,1
Romance/pg5932.txt,loved,0
Romance/pg5932.txt,darling,0
Romance/pg5932.txt,Total Count of Romance words,23
,,
Romance/pg3011.txt,Love,6
Romance/pg3011.txt,affair,3
Romance/pg3011.txt,heart,64
Romance/pg3011.txt,forgiveness,0
Romance/pg3011.txt,lover,5
Romance/pg3011.txt,lovers,1
Romance/pg3011.txt,kissed,3
Romance/pg3011.txt,madness,0
Romance/pg3011.txt,special,9
Romance/pg3011.txt,feelings,4
Romance/pg3011.txt,baby,0
Romance/pg3011.txt,fall,40
Romance/pg3011.txt,desire,9
Romance/pg3011.txt,loved,13
Romance/pg3011.txt,darling,2
Romance/pg3011.txt,Total Count of Romance words,159
,,
Romance/pg10745.txt,Love,2
Romance/pg10745.txt,affair,25
Romance/pg10745.txt,heart,115
Romance/pg10745.txt,forgiveness,0
Romance/pg10745.txt,lover,1
Romance/pg10745.txt,lovers,0
Romance/pg10745.txt,kissed,29
Romance/pg10745.txt,madness,6
Romance/pg10745.txt,special,13
Romance/pg10745.txt,feelings,0
Romance/pg10745.txt,baby,0
Romance/pg10745.txt,fall,97
Romance/pg10745.txt,desire,42
Romance/pg10745.txt,loved,37
Romance/pg10745.txt,darling,0
Romance/pg10745.txt,Total Count of Romance words,367
,,
Romance/54514-0.txt,Love,0
Romance/54514-0.txt,affair,31
Romance/54514-0.txt,heart,20
Romance/54514-0.txt,forgiveness,0
Romance/54514-0.txt,lover,1
Romance/54514-0.txt,lovers,1
Romance/54514-0.txt,kissed,0
Romance/54514-0.txt,madness,4
Romance/54514-0.txt,special,33
Romance/54514-0.txt,feelings,0
Romance/54514-0.txt,baby,0
Romance/54514-0.txt,fall,17
Romance/54514-0.txt,desire,13
Romance/54514-0.txt,loved,3
Romance/54514-0.txt,darling,1
Romance/54514-0.txt,Total Count of Romance words,124
,,
Romance/55406-0.txt,Love,49
Romance/55406-0.txt,affair,25
Romance/55406-0.txt,heart,98
Romance/55406-0.txt,forgiveness,1
Romance/55406-0.txt,lover,85
Romance/55406-0.txt,lovers,33
Romance/55406-0.txt,kissed,38
Romance/55406-0.txt,madness,8
Romance/55406-0.txt,special,40
Romance/55406-0.txt,feelings,42
Romance/55406-0.txt,baby,0
Romance/55406-0.txt,fall,110
Romance/55406-0.txt,desire,112
Romance/55406-0.txt,loved,33
Romance/55406-0.txt,darling,1
Romance/55406-0.txt,Total Count of Romance words,675
,,
Romance/pg31900.txt,Love,1
Romance/pg31900.txt,affair,2
Romance/pg31900.txt,heart,146
Romance/pg31900.txt,forgiveness,2
Romance/pg31900.txt,lover,25
Romance/pg31900.txt,lovers,11
Romance/pg31900.txt,kissed,12
Romance/pg31900.txt,madness,5
Romance/pg31900.txt,special,3
Romance/pg31900.txt,feelings,2
Romance/pg31900.txt,baby,0
Romance/pg31900.txt,fall,59
Romance/pg31900.txt,desire,30
Romance/pg31900.txt,loved,36
Romance/pg31900.txt,darling,0
Romance/pg31900.txt,Total Count of Romance words,334
,,
Romance/pg26646.txt,Love,0
Romance/pg26646.txt,affair,0
Romance/pg26646.txt,heart,103
Romance/pg26646.txt,forgiveness,4
Romance/pg26646.txt,lover,4
Romance/pg26646.txt,lovers,0
Romance/pg26646.txt,kissed,14
Romance/pg26646.txt,madness,4
Romance/pg26646.txt,special,8
Romance/pg26646.txt,feelings,0
Romance/pg26646.txt,baby,0
Romance/pg26646.txt,fall,60
Romance/pg26646.txt,desire,23
Romance/pg26646.txt,loved,34
Romance/pg26646.txt,darling,0
Romance/pg26646.txt,Total Count of Romance words,254
,,
Romance/pg615.txt,Love,105
Romance/pg615.txt,affair,2
Romance/pg615.txt,heart,340
Romance/pg615.txt,forgiveness,0
Romance/pg615.txt,lover,104
Romance/pg615.txt,lovers,35
Romance/pg615.txt,kissed,4
Romance/pg615.txt,madness,4
Romance/pg615.txt,special,6
Romance/pg615.txt,feelings,1
Romance/pg615.txt,baby,2
Romance/pg615.txt,fall,191
Romance/pg615.txt,desire,157
Romance/pg615.txt,loved,83
Romance/pg615.txt,darling,1
Romance/pg615.txt,Total Count of Romance words,1035
,,
Romance/pg5905.txt,Love,1
Romance/pg5905.txt,affair,2
Romance/pg5905.txt,heart,4
Romance/pg5905.txt,forgiveness,0
Romance/pg5905.txt,lover,0
Romance/pg5905.txt,lovers,0
Romance/pg5905.txt,kissed,0
Romance/pg5905.txt,madness,1
Romance/pg5905.txt,special,2
Romance/pg5905.txt,feelings,0
Romance/pg5905.txt,baby,0
Romance/pg5905.txt,fall,6
Romance/pg5905.txt,desire,2
Romance/pg5905.txt,loved,0
Romance/pg5905.txt,darling,0
Romance/pg5905.txt,Total Count of Romance words,18
,,
Romance/1251-0.txt,Love,1
Romance/1251-0.txt,affair,1
Romance/1251-0.txt,heart,69
Romance/1251-0.txt,forgiveness,2
Romance/1251-0.txt,lover,5
Romance/1251-0.txt,lovers,3
Romance/1251-0.txt,kissed,15
Romance/1251-0.txt,madness,2
Romance/1251-0.txt,special,17
Romance/1251-0.txt,feelings,0
Romance/1251-0.txt,baby,0
Romance/1251-0.txt,fall,81
Romance/1251-0.txt,desire,89
Romance/1251-0.txt,loved,81
Romance/1251-0.txt,darling,0
Romance/1251-0.txt,Total Count of Romance words,366
,,
Romance/pg1578.txt,Love,8
Romance/pg1578.txt,affair,0
Romance/pg1578.txt,heart,16
Romance/pg1578.txt,forgiveness,0
Romance/pg1578.txt,lover,22
Romance/pg1578.txt,lovers,11
Romance/pg1578.txt,kissed,3
Romance/pg1578.txt,madness,0
Romance/pg1578.txt,special,1
Romance/pg1578.txt,feelings,0
Romance/pg1578.txt,baby,0
Romance/pg1578.txt,fall,14
Romance/pg1578.txt,desire,7
Romance/pg1578.txt,loved,10
Romance/pg1578.txt,darling,0
Romance/pg1578.txt,Total Count of Romance words,92
,,
Romance/pg7246.txt,Love,0
Romance/pg7246.txt,affair,2
Romance/pg7246.txt,heart,7
Romance/pg7246.txt,forgiveness,0
Romance/pg7246.txt,lover,0
Romance/pg7246.txt,lovers,0
Romance/pg7246.txt,kissed,0
Romance/pg7246.txt,madness,1
Romance/pg7246.txt,special,4
Romance/pg7246.txt,feelings,0
Romance/pg7246.txt,baby,1
Romance/pg7246.txt,fall,1
Romance/pg7246.txt,desire,1
Romance/pg7246.txt,loved,0
Romance/pg7246.txt,darling,2
Romance/pg7246.txt,Total Count of Romance words,19
,,
Romance/pg7244.txt,Love,0
Romance/pg7244.txt,affair,0
Romance/pg7244.txt,heart,8
Romance/pg7244.txt,forgiveness,0
Romance/pg7244.txt,lover,0
Romance/pg7244.txt,lovers,0
Romance/pg7244.txt,kissed,1
Romance/pg7244.txt,madness,0
Romance/pg7244.txt,special,3
Romance/pg7244.txt,feelings,0
Romance/pg7244.txt,baby,0
Romance/pg7244.txt,fall,3
Romance/pg7244.txt,desire,2
Romance/pg7244.txt,loved,1
Romance/pg7244.txt,darling,1
Romance/pg7244.txt,Total Count of Romance words,19
,,
Romance/pg5916.txt,Love,5
Romance/pg5916.txt,affair,16
Romance/pg5916.txt,heart,39
Romance/pg5916.txt,forgiveness,0
Romance/pg5916.txt,lover,4
Romance/pg5916.txt,lovers,2
Romance/pg5916.txt,kissed,4
Romance/pg5916.txt,madness,7
Romance/pg5916.txt,special,8
Romance/pg5916.txt,feelings,0
Romance/pg5916.txt,baby,0
Romance/pg5916.txt,fall,12
Romance/pg5916.txt,desire,20
Romance/pg5916.txt,loved,7
Romance/pg5916.txt,darling,1
Romance/pg5916.txt,Total Count of Romance words,125
,,
Romance/51701-0.txt,Love,0
Romance/51701-0.txt,affair,0
Romance/51701-0.txt,heart,16
Romance/51701-0.txt,forgiveness,0
Romance/51701-0.txt,lover,1
Romance/51701-0.txt,lovers,0
Romance/51701-0.txt,kissed,1
Romance/51701-0.txt,madness,0
Romance/51701-0.txt,special,5
Romance/51701-0.txt,feelings,0
Romance/51701-0.txt,baby,26
Romance/51701-0.txt,fall,4
Romance/51701-0.txt,desire,1
Romance/51701-0.txt,loved,12
Romance/51701-0.txt,darling,7
Romance/51701-0.txt,Total Count of Romance words,73
,,
Romance/pg5917.txt,Love,4
Romance/pg5917.txt,affair,10
Romance/pg5917.txt,heart,21
Romance/pg5917.txt,forgiveness,0
Romance/pg5917.txt,lover,3
Romance/pg5917.txt,lovers,1
Romance/pg5917.txt,kissed,2
Romance/pg5917.txt,madness,2
Romance/pg5917.txt,special,2
Romance/pg5917.txt,feelings,0
Romance/pg5917.txt,baby,0
Romance/pg5917.txt,fall,3
Romance/pg5917.txt,desire,7
Romance/pg5917.txt,loved,2
Romance/pg5917.txt,darling,0
Romance/pg5917.txt,Total Count of Romance words,57
,,
Romance/53012-0.txt,Love,1
Romance/53012-0.txt,affair,10
Romance/53012-0.txt,heart,17
Romance/53012-0.txt,forgiveness,0
Romance/53012-0.txt,lover,4
Romance/53012-0.txt,lovers,1
Romance/53012-0.txt,kissed,0
Romance/53012-0.txt,madness,0
Romance/53012-0.txt,special,31
Romance/53012-0.txt,feelings,1
Romance/53012-0.txt,baby,0
Romance/53012-0.txt,fall,34
Romance/53012-0.txt,desire,9
Romance/53012-0.txt,loved,1
Romance/53012-0.txt,darling,0
Romance/53012-0.txt,Total Count of Romance words,109
,,
Romance/2759-0.txt,Love,2
Romance/2759-0.txt,affair,47
Romance/2759-0.txt,heart,159
Romance/2759-0.txt,forgiveness,5
Romance/2759-0.txt,lover,10
Romance/2759-0.txt,lovers,5
Romance/2759-0.txt,kissed,10
Romance/2759-0.txt,madness,6
Romance/2759-0.txt,special,11
Romance/2759-0.txt,feelings,10
Romance/2759-0.txt,baby,0
Romance/2759-0.txt,fall,95
Romance/2759-0.txt,desire,61
Romance/2759-0.txt,loved,41
Romance/2759-0.txt,darling,0
Romance/2759-0.txt,Total Count of Romance words,462
,,
Romance/pg5944.txt,Love,0
Romance/pg5944.txt,affair,0
Romance/pg5944.txt,heart,3
Romance/pg5944.txt,forgiveness,0
Romance/pg5944.txt,lover,2
Romance/pg5944.txt,lovers,1
Romance/pg5944.txt,kissed,0
Romance/pg5944.txt,madness,0
Romance/pg5944.txt,special,1
Romance/pg5944.txt,feelings,0
Romance/pg5944.txt,baby,0
Romance/pg5944.txt,fall,3
Romance/pg5944.txt,desire,3
Romance/pg5944.txt,loved,0
Romance/pg5944.txt,darling,0
Romance/pg5944.txt,Total Count of Romance words,13
,,
Romance/pg831.txt,Love,74
Romance/pg831.txt,affair,29
Romance/pg831.txt,heart,310
Romance/pg831.txt,forgiveness,0
Romance/pg831.txt,lover,51
Romance/pg831.txt,lovers,9
Romance/pg831.txt,kissed,5
Romance/pg831.txt,madness,13
Romance/pg831.txt,special,7
Romance/pg831.txt,feelings,2
Romance/pg831.txt,baby,0
Romance/pg831.txt,fall,99
Romance/pg831.txt,desire,213
Romance/pg831.txt,loved,36
Romance/pg831.txt,darling,0
Romance/pg831.txt,Total Count of Romance words,848
,,
Romance/pg2414.txt,Love,65
Romance/pg2414.txt,affair,2
Romance/pg2414.txt,heart,121
Romance/pg2414.txt,forgiveness,0
Romance/pg2414.txt,lover,11
Romance/pg2414.txt,lovers,7
Romance/pg2414.txt,kissed,0
Romance/pg2414.txt,madness,1
Romance/pg2414.txt,special,2
Romance/pg2414.txt,feelings,1
Romance/pg2414.txt,baby,0
Romance/pg2414.txt,fall,30
Romance/pg2414.txt,desire,57
Romance/pg2414.txt,loved,18
Romance/pg2414.txt,darling,0
Romance/pg2414.txt,Total Count of Romance words,315
,,
Romance/pg5914.txt,Love,0
Romance/pg5914.txt,affair,1
Romance/pg5914.txt,heart,12
Romance/pg5914.txt,forgiveness,0
Romance/pg5914.txt,lover,2
Romance/pg5914.txt,lovers,0
Romance/pg5914.txt,kissed,3
Romance/pg5914.txt,madness,1
Romance/pg5914.txt,special,4
Romance/pg5914.txt,feelings,0
Romance/pg5914.txt,baby,0
Romance/pg5914.txt,fall,2
Romance/pg5914.txt,desire,5
Romance/pg5914.txt,loved,0
Romance/pg5914.txt,darling,0
Romance/pg5914.txt,Total Count of Romance words,30
,,
Romance/pg12747.txt,Love,1
Romance/pg12747.txt,affair,4
Romance/pg12747.txt,heart,40
Romance/pg12747.txt,forgiveness,0
Romance/pg12747.txt,lover,3
Romance/pg12747.txt,lovers,3
Romance/pg12747.txt,kissed,2
Romance/pg12747.txt,madness,1
Romance/pg12747.txt,special,1
Romance/pg12747.txt,feelings,0
Romance/pg12747.txt,baby,0
Romance/pg12747.txt,fall,81
Romance/pg12747.txt,desire,0
Romance/pg12747.txt,loved,8
Romance/pg12747.txt,darling,0
Romance/pg12747.txt,Total Count of Romance words,144
,,
Romance/pg5936.txt,Love,0
Romance/pg5936.txt,affair,5
Romance/pg5936.txt,heart,12
Romance/pg5936.txt,forgiveness,0
Romance/pg5936.txt,lover,1
Romance/pg5936.txt,lovers,1
Romance/pg5936.txt,kissed,0
Romance/pg5936.txt,madness,3
Romance/pg5936.txt,special,3
Romance/pg5936.txt,feelings,0
Romance/pg5936.txt,baby,0
Romance/pg5936.txt,fall,8
Romance/pg5936.txt,desire,5
Romance/pg5936.txt,loved,1
Romance/pg5936.txt,darling,0
Romance/pg5936.txt,Total Count of Romance words,39
,,
Romance/pg33702.txt,Love,0
Romance/pg33702.txt,affair,14
Romance/pg33702.txt,heart,80
Romance/pg33702.txt,forgiveness,1
Romance/pg33702.txt,lover,0
Romance/pg33702.txt,lovers,0
Romance/pg33702.txt,kissed,23
Romance/pg33702.txt,madness,22
Romance/pg33702.txt,special,6
Romance/pg33702.txt,feelings,0
Romance/pg33702.txt,baby,0
Romance/pg33702.txt,fall,150
Romance/pg33702.txt,desire,25
Romance/pg33702.txt,loved,17
Romance/pg33702.txt,darling,0
Romance/pg33702.txt,Total Count of Romance words,338
,,
Romance/52998-0.txt,Love,3
Romance/52998-0.txt,affair,14
Romance/52998-0.txt,heart,18
Romance/52998-0.txt,forgiveness,0
Romance/52998-0.txt,lover,3
Romance/52998-0.txt,lovers,2
Romance/52998-0.txt,kissed,0
Romance/52998-0.txt,madness,3
Romance/52998-0.txt,special,43
Romance/52998-0.txt,feelings,4
Romance/52998-0.txt,baby,0
Romance/52998-0.txt,fall,26
Romance/52998-0.txt,desire,6
Romance/52998-0.txt,loved,4
Romance/52998-0.txt,darling,0
Romance/52998-0.txt,Total Count of Romance words,126
,,
Romance/pg23227.txt,Love,2
Romance/pg23227.txt,affair,1
Romance/pg23227.txt,heart,12
Romance/pg23227.txt,forgiveness,0
Romance/pg23227.txt,lover,11
Romance/pg23227.txt,lovers,3
Romance/pg23227.txt,kissed,3
Romance/pg23227.txt,madness,0
Romance/pg23227.txt,special,3
Romance/pg23227.txt,feelings,0
Romance/pg23227.txt,baby,0
Romance/pg23227.txt,fall,3
Romance/pg23227.txt,desire,0
Romance/pg23227.txt,loved,7
Romance/pg23227.txt,darling,1
Romance/pg23227.txt,Total Count of Romance words,46
,,
Romance/pg5943.txt,Love,3
Romance/pg5943.txt,affair,1
Romance/pg5943.txt,heart,12
Romance/pg5943.txt,forgiveness,0
Romance/pg5943.txt,lover,5
Romance/pg5943.txt,lovers,3
Romance/pg5943.txt,kissed,1
Romance/pg5943.txt,madness,2
Romance/pg5943.txt,special,2
Romance/pg5943.txt,feelings,0
Romance/pg5943.txt,baby,0
Romance/pg5943.txt,fall,6
Romance/pg5943.txt,desire,3
Romance/pg5943.txt,loved,1
Romance/pg5943.txt,darling,0
Romance/pg5943.txt,Total Count of Romance words,39
,,
Romance/pg5906.txt,Love,5
Romance/pg5906.txt,affair,1
Romance/pg5906.txt,heart,14
Romance/pg5906.txt,forgiveness,0
Romance/pg5906.txt,lover,4
Romance/pg5906.txt,lovers,2
Romance/pg5906.txt,kissed,1
Romance/pg5906.txt,madness,2
Romance/pg5906.txt,special,3
Romance/pg5906.txt,feelings,0
Romance/pg5906.txt,baby,0
Romance/pg5906.txt,fall,12
Romance/pg5906.txt,desire,10
Romance/pg5906.txt,loved,2
Romance/pg5906.txt,darling,0
Romance/pg5906.txt,Total Count of Romance words,56
,,
Romance/pg5922.txt,Love,0
Romance/pg5922.txt,affair,4
Romance/pg5922.txt,heart,7
Romance/pg5922.txt,forgiveness,0
Romance/pg5922.txt,lover,2
Romance/pg5922.txt,lovers,1
Romance/pg5922.txt,kissed,0
Romance/pg5922.txt,madness,4
Romance/pg5922.txt,special,3
Romance/pg5922.txt,feelings,0
Romance/pg5922.txt,baby,0
Romance/pg5922.txt,fall,8
Romance/pg5922.txt,desire,0
Romance/pg5922.txt,loved,0
Romance/pg5922.txt,darling,0
Romance/pg5922.txt,Total Count of Romance words,29
,,
Romance/pg21600.txt,Love,30
Romance/pg21600.txt,affair,5
Romance/pg21600.txt,heart,15
Romance/pg21600.txt,forgiveness,2
Romance/pg21600.txt,lover,30
Romance/pg21600.txt,lovers,12
Romance/pg21600.txt,kissed,0
Romance/pg21600.txt,madness,0
Romance/pg21600.txt,special,103
Romance/pg21600.txt,feelings,1
Romance/pg21600.txt,baby,0
Romance/pg21600.txt,fall,27
Romance/pg21600.txt,desire,11
Romance/pg21600.txt,loved,8
Romance/pg21600.txt,darling,0
Romance/pg21600.txt,Total Count of Romance words,244
,,
Romance/pg14568.txt,Love,0
Romance/pg14568.txt,affair,0
Romance/pg14568.txt,heart,9
Romance/pg14568.txt,forgiveness,0
Romance/pg14568.txt,lover,0
Romance/pg14568.txt,lovers,0
Romance/pg14568.txt,kissed,6
Romance/pg14568.txt,madness,0
Romance/pg14568.txt,special,5
Romance/pg14568.txt,feelings,0
Romance/pg14568.txt,baby,0
Romance/pg14568.txt,fall,32
Romance/pg14568.txt,desire,8
Romance/pg14568.txt,loved,3
Romance/pg14568.txt,darling,0
Romance/pg14568.txt,Total Count of Romance words,63
,,
Romance/pg5940.txt,Love,0
Romance/pg5940.txt,affair,0
Romance/pg5940.txt,heart,0
Romance/pg5940.txt,forgiveness,0
Romance/pg5940.txt,lover,0
Romance/pg5940.txt,lovers,0
Romance/pg5940.txt,kissed,1
Romance/pg5940.txt,madness,0
Romance/pg5940.txt,special,2
Romance/pg5940.txt,feelings,0
Romance/pg5940.txt,baby,0
Romance/pg5940.txt,fall,0
Romance/pg5940.txt,desire,0
Romance/pg5940.txt,loved,0
Romance/pg5940.txt,darling,0
Romance/pg5940.txt,Total Count of Romance words,3
,,
Romance/pg22396.txt,Love,0
Romance/pg22396.txt,affair,0
Romance/pg22396.txt,heart,160
Romance/pg22396.txt,forgiveness,4
Romance/pg22396.txt,lover,5
Romance/pg22396.txt,lovers,1
Romance/pg22396.txt,kissed,23
Romance/pg22396.txt,madness,7
Romance/pg22396.txt,special,5
Romance/pg22396.txt,feelings,0
Romance/pg22396.txt,baby,0
Romance/pg22396.txt,fall,36
Romance/pg22396.txt,desire,43
Romance/pg22396.txt,loved,59
Romance/pg22396.txt,darling,0
Romance/pg22396.txt,Total Count of Romance words,343
,,
Romance/57099-0.txt,Love,3
Romance/57099-0.txt,affair,8
Romance/57099-0.txt,heart,69
Romance/57099-0.txt,forgiveness,0
Romance/57099-0.txt,lover,8
Romance/57099-0.txt,lovers,1
Romance/57099-0.txt,kissed,9
Romance/57099-0.txt,madness,3
Romance/57099-0.txt,special,7
Romance/57099-0.txt,feelings,2
Romance/57099-0.txt,baby,0
Romance/57099-0.txt,fall,14
Romance/57099-0.txt,desire,2
Romance/57099-0.txt,loved,21
Romance/57099-0.txt,darling,1
Romance/57099-0.txt,Total Count of Romance words,148
,,
Romance/pg5945.txt,Love,0
Romance/pg5945.txt,affair,3
Romance/pg5945.txt,heart,3
Romance/pg5945.txt,forgiveness,0
Romance/pg5945.txt,lover,0
Romance/pg5945.txt,lovers,0
Romance/pg5945.txt,kissed,0
Romance/pg5945.txt,madness,1
Romance/pg5945.txt,special,2
Romance/pg5945.txt,feelings,0
Romance/pg5945.txt,baby,0
Romance/pg5945.txt,fall,2
Romance/pg5945.txt,desire,5
Romance/pg5945.txt,loved,1
Romance/pg5945.txt,darling,0
Romance/pg5945.txt,Total Count of Romance words,17
,,
Romance/pg7242.txt,Love,0
Romance/pg7242.txt,affair,0
Romance/pg7242.txt,heart,8
Romance/pg7242.txt,forgiveness,0
Romance/pg7242.txt,lover,0
Romance/pg7242.txt,lovers,0
Romance/pg7242.txt,kissed,0
Romance/pg7242.txt,madness,0
Romance/pg7242.txt,special,1
Romance/pg7242.txt,feelings,0
Romance/pg7242.txt,baby,0
Romance/pg7242.txt,fall,4
Romance/pg7242.txt,desire,1
Romance/pg7242.txt,loved,0
Romance/pg7242.txt,darling,0
Romance/pg7242.txt,Total Count of Romance words,14
,,
Romance/60405-0.txt,Love,5
Romance/60405-0.txt,affair,9
Romance/60405-0.txt,heart,58
Romance/60405-0.txt,forgiveness,2
Romance/60405-0.txt,lover,5
Romance/60405-0.txt,lovers,0
Romance/60405-0.txt,kissed,9
Romance/60405-0.txt,madness,1
Romance/60405-0.txt,special,2
Romance/60405-0.txt,feelings,1
Romance/60405-0.txt,baby,0
Romance/60405-0.txt,fall,76
Romance/60405-0.txt,desire,16
Romance/60405-0.txt,loved,29
Romance/60405-0.txt,darling,0
Romance/60405-0.txt,Total Count of Romance words,213
,,
Romance/pg5928.txt,Love,0
Romance/pg5928.txt,affair,1
Romance/pg5928.txt,heart,3
Romance/pg5928.txt,forgiveness,0
Romance/pg5928.txt,lover,3
Romance/pg5928.txt,lovers,1
Romance/pg5928.txt,kissed,0
Romance/pg5928.txt,madness,0
Romance/pg5928.txt,special,3
Romance/pg5928.txt,feelings,0
Romance/pg5928.txt,baby,0
Romance/pg5928.txt,fall,0
Romance/pg5928.txt,desire,2
Romance/pg5928.txt,loved,0
Romance/pg5928.txt,darling,0
Romance/pg5928.txt,Total Count of Romance words,13
,,
Romance/pg10069.txt,Love,0
Romance/pg10069.txt,affair,2
Romance/pg10069.txt,heart,1
Romance/pg10069.txt,forgiveness,0
Romance/pg10069.txt,lover,4
Romance/pg10069.txt,lovers,0
Romance/pg10069.txt,kissed,0
Romance/pg10069.txt,madness,0
Romance/pg10069.txt,special,5
Romance/pg10069.txt,feelings,0
Romance/pg10069.txt,baby,0
Romance/pg10069.txt,fall,1
Romance/pg10069.txt,desire,0
Romance/pg10069.txt,loved,0
Romance/pg10069.txt,darling,0
Romance/pg10069.txt,Total Count of Romance words,13
,,
Romance/pg7250.txt,Love,0
Romance/pg7250.txt,affair,1
Romance/pg7250.txt,heart,15
Romance/pg7250.txt,forgiveness,0
Romance/pg7250.txt,lover,0
Romance/pg7250.txt,lovers,0
Romance/pg7250.txt,kissed,0
Romance/pg7250.txt,madness,0
Romance/pg7250.txt,special,2
Romance/pg7250.txt,feelings,0
Romance/pg7250.txt,baby,2
Romance/pg7250.txt,fall,4
Romance/pg7250.txt,desire,0
Romance/pg7250.txt,loved,0
Romance/pg7250.txt,darling,3
Romance/pg7250.txt,Total Count of Romance words,27
,,
Romance/pg4928.txt,Love,25
Romance/pg4928.txt,affair,16
Romance/pg4928.txt,heart,174
Romance/pg4928.txt,forgiveness,7
Romance/pg4928.txt,lover,78
Romance/pg4928.txt,lovers,29
Romance/pg4928.txt,kissed,22
Romance/pg4928.txt,madness,12
Romance/pg4928.txt,special,27
Romance/pg4928.txt,feelings,6
Romance/pg4928.txt,baby,1
Romance/pg4928.txt,fall,190
Romance/pg4928.txt,desire,88
Romance/pg4928.txt,loved,142
Romance/pg4928.txt,darling,1
Romance/pg4928.txt,Total Count of Romance words,818
,,
Romance/55005-0.txt,Love,3
Romance/55005-0.txt,affair,2
Romance/55005-0.txt,heart,99
Romance/55005-0.txt,forgiveness,0
Romance/55005-0.txt,lover,0
Romance/55005-0.txt,lovers,0
Romance/55005-0.txt,kissed,39
Romance/55005-0.txt,madness,0
Romance/55005-0.txt,special,14
Romance/55005-0.txt,feelings,1
Romance/55005-0.txt,baby,0
Romance/55005-0.txt,fall,33
Romance/55005-0.txt,desire,70
Romance/55005-0.txt,loved,42
Romance/55005-0.txt,darling,0
Romance/55005-0.txt,Total Count of Romance words,303
,,
Romance/pg29468.txt,Love,1
Romance/pg29468.txt,affair,7
Romance/pg29468.txt,heart,65
Romance/pg29468.txt,forgiveness,2
Romance/pg29468.txt,lover,11
Romance/pg29468.txt,lovers,6
Romance/pg29468.txt,kissed,14
Romance/pg29468.txt,madness,18
Romance/pg29468.txt,special,13
Romance/pg29468.txt,feelings,7
Romance/pg29468.txt,baby,1
Romance/pg29468.txt,fall,41
Romance/pg29468.txt,desire,29
Romance/pg29468.txt,loved,29
Romance/pg29468.txt,darling,0
Romance/pg29468.txt,Total Count of Romance words,244
,,
Romance/pg7245.txt,Love,0
Romance/pg7245.txt,affair,0
Romance/pg7245.txt,heart,21
Romance/pg7245.txt,forgiveness,0
Romance/pg7245.txt,lover,0
Romance/pg7245.txt,lovers,0
Romance/pg7245.txt,kissed,1
Romance/pg7245.txt,madness,0
Romance/pg7245.txt,special,5
Romance/pg7245.txt,feelings,0
Romance/pg7245.txt,baby,2
Romance/pg7245.txt,fall,6
Romance/pg7245.txt,desire,4
Romance/pg7245.txt,loved,1
Romance/pg7245.txt,darling,0
Romance/pg7245.txt,Total Count of Romance words,40
,,
Romance/57869-0.txt,Love,6
Romance/57869-0.txt,affair,0
Romance/57869-0.txt,heart,21
Romance/57869-0.txt,forgiveness,1
Romance/57869-0.txt,lover,14
Romance/57869-0.txt,lovers,5
Romance/57869-0.txt,kissed,1
Romance/57869-0.txt,madness,0
Romance/57869-0.txt,special,11
Romance/57869-0.txt,feelings,3
Romance/57869-0.txt,baby,0
Romance/57869-0.txt,fall,27
Romance/57869-0.txt,desire,8
Romance/57869-0.txt,loved,8
Romance/57869-0.txt,darling,1
Romance/57869-0.txt,Total Count of Romance words,106
,,
Romance/54524-0.txt,Love,1
Romance/54524-0.txt,affair,13
Romance/54524-0.txt,heart,9
Romance/54524-0.txt,forgiveness,0
Romance/54524-0.txt,lover,2
Romance/54524-0.txt,lovers,2
Romance/54524-0.txt,kissed,0
Romance/54524-0.txt,madness,3
Romance/54524-0.txt,special,20
Romance/54524-0.txt,feelings,0
Romance/54524-0.txt,baby,0
Romance/54524-0.txt,fall,19
Romance/54524-0.txt,desire,2
Romance/54524-0.txt,loved,2
Romance/54524-0.txt,darling,2
Romance/54524-0.txt,Total Count of Romance words,75
,,
Romance/pg5941.txt,Love,0
Romance/pg5941.txt,affair,2
Romance/pg5941.txt,heart,0
Romance/pg5941.txt,forgiveness,0
Romance/pg5941.txt,lover,0
Romance/pg5941.txt,lovers,0
Romance/pg5941.txt,kissed,0
Romance/pg5941.txt,madness,1
Romance/pg5941.txt,special,1
Romance/pg5941.txt,feelings,0
Romance/pg5941.txt,baby,0
Romance/pg5941.txt,fall,2
Romance/pg5941.txt,desire,1
Romance/pg5941.txt,loved,0
Romance/pg5941.txt,darling,0
Romance/pg5941.txt,Total Count of Romance words,7
,,
Romance/pg4090.txt,Love,0
Romance/pg4090.txt,affair,0
Romance/pg4090.txt,heart,5
Romance/pg4090.txt,forgiveness,0
Romance/pg4090.txt,lover,1
Romance/pg4090.txt,lovers,0
Romance/pg4090.txt,kissed,0
Romance/pg4090.txt,madness,1
Romance/pg4090.txt,special,61
Romance/pg4090.txt,feelings,1
Romance/pg4090.txt,baby,0
Romance/pg4090.txt,fall,30
Romance/pg4090.txt,desire,14
Romance/pg4090.txt,loved,9
Romance/pg4090.txt,darling,0
Romance/pg4090.txt,Total Count of Romance words,122
,,
Romance/pg36462.txt,Love,0
Romance/pg36462.txt,affair,1
Romance/pg36462.txt,heart,85
Romance/pg36462.txt,forgiveness,0
Romance/pg36462.txt,lover,4
Romance/pg36462.txt,lovers,1
Romance/pg36462.txt,kissed,12
Romance/pg36462.txt,madness,1
Romance/pg36462.txt,special,3
Romance/pg36462.txt,feelings,0
Romance/pg36462.txt,baby,0
Romance/pg36462.txt,fall,39
Romance/pg36462.txt,desire,42
Romance/pg36462.txt,loved,28
Romance/pg36462.txt,darling,0
Romance/pg36462.txt,Total Count of Romance words,216
,,
Romance/1252-0.txt,Love,4
Romance/1252-0.txt,affair,1
Romance/1252-0.txt,heart,110
Romance/1252-0.txt,forgiveness,3
Romance/1252-0.txt,lover,23
Romance/1252-0.txt,lovers,7
Romance/1252-0.txt,kissed,22
Romance/1252-0.txt,madness,3
Romance/1252-0.txt,special,26
Romance/1252-0.txt,feelings,0
Romance/1252-0.txt,baby,0
Romance/1252-0.txt,fall,79
Romance/1252-0.txt,desire,67
Romance/1252-0.txt,loved,75
Romance/1252-0.txt,darling,0
Romance/1252-0.txt,Total Count of Romance words,420
,,
Romance/pg7249.txt,Love,0
Romance/pg7249.txt,affair,1
Romance/pg7249.txt,heart,6
Romance/pg7249.txt,forgiveness,0
Romance/pg7249.txt,lover,0
Romance/pg7249.txt,lovers,0
Romance/pg7249.txt,kissed,1
Romance/pg7249.txt,madness,0
Romance/pg7249.txt,special,1
Romance/pg7249.txt,feelings,0
Romance/pg7249.txt,baby,0
Romance/pg7249.txt,fall,2
Romance/pg7249.txt,desire,2
Romance/pg7249.txt,loved,0
Romance/pg7249.txt,darling,1
Romance/pg7249.txt,Total Count of Romance words,14
,,
Romance/pg5934.txt,Love,0
Romance/pg5934.txt,affair,0
Romance/pg5934.txt,heart,12
Romance/pg5934.txt,forgiveness,0
Romance/pg5934.txt,lover,0
Romance/pg5934.txt,lovers,0
Romance/pg5934.txt,kissed,1
Romance/pg5934.txt,madness,1
Romance/pg5934.txt,special,1
Romance/pg5934.txt,feelings,0
Romance/pg5934.txt,baby,0
Romance/pg5934.txt,fall,6
Romance/pg5934.txt,desire,0
Romance/pg5934.txt,loved,1
Romance/pg5934.txt,darling,0
Romance/pg5934.txt,Total Count of Romance words,22
,,
Romance/61182-0.txt,Love,1
Romance/61182-0.txt,affair,0
Romance/61182-0.txt,heart,1
Romance/61182-0.txt,forgiveness,1
Romance/61182-0.txt,lover,4
Romance/61182-0.txt,lovers,0
Romance/61182-0.txt,kissed,0
Romance/61182-0.txt,madness,0
Romance/61182-0.txt,special,1
Romance/61182-0.txt,feelings,0
Romance/61182-0.txt,baby,0
Romance/61182-0.txt,fall,12
Romance/61182-0.txt,desire,6
Romance/61182-0.txt,loved,10
Romance/61182-0.txt,darling,0
Romance/61182-0.txt,Total Count of Romance words,36
,,
Romance/pg7782.txt,Love,1
Romance/pg7782.txt,affair,0
Romance/pg7782.txt,heart,10
Romance/pg7782.txt,forgiveness,0
Romance/pg7782.txt,lover,1
Romance/pg7782.txt,lovers,0
Romance/pg7782.txt,kissed,0
Romance/pg7782.txt,madness,1
Romance/pg7782.txt,special,1
Romance/pg7782.txt,feelings,0
Romance/pg7782.txt,baby,0
Romance/pg7782.txt,fall,5
Romance/pg7782.txt,desire,4
Romance/pg7782.txt,loved,7
Romance/pg7782.txt,darling,0
Romance/pg7782.txt,Total Count of Romance words,30
,,
Romance/pg5903.txt,Love,2
Romance/pg5903.txt,affair,1
Romance/pg5903.txt,heart,17
Romance/pg5903.txt,forgiveness,0
Romance/pg5903.txt,lover,4
Romance/pg5903.txt,lovers,0
Romance/pg5903.txt,kissed,0
Romance/pg5903.txt,madness,3
Romance/pg5903.txt,special,6
Romance/pg5903.txt,feelings,0
Romance/pg5903.txt,baby,0
Romance/pg5903.txt,fall,10
Romance/pg5903.txt,desire,8
Romance/pg5903.txt,loved,2
Romance/pg5903.txt,darling,1
Romance/pg5903.txt,Total Count of Romance words,54
,,
Romance/pg5913.txt,Love,0
Romance/pg5913.txt,affair,0
Romance/pg5913.txt,heart,4
Romance/pg5913.txt,forgiveness,0
Romance/pg5913.txt,lover,0
Romance/pg5913.txt,lovers,0
Romance/pg5913.txt,kissed,0
Romance/pg5913.txt,madness,1
Romance/pg5913.txt,special,4
Romance/pg5913.txt,feelings,0
Romance/pg5913.txt,baby,0
Romance/pg5913.txt,fall,2
Romance/pg5913.txt,desire,1
Romance/pg5913.txt,loved,0
Romance/pg5913.txt,darling,0
Romance/pg5913.txt,Total Count of Romance words,12
,,
Romance/pg22650.txt,Love,6
Romance/pg22650.txt,affair,0
Romance/pg22650.txt,heart,47
Romance/pg22650.txt,forgiveness,1
Romance/pg22650.txt,lover,3
Romance/pg22650.txt,lovers,1
Romance/pg22650.txt,kissed,3
Romance/pg22650.txt,madness,1
Romance/pg22650.txt,special,1
Romance/pg22650.txt,feelings,0
Romance/pg22650.txt,baby,1
Romance/pg22650.txt,fall,24
Romance/pg22650.txt,desire,1
Romance/pg22650.txt,loved,13
Romance/pg22650.txt,darling,1
Romance/pg22650.txt,Total Count of Romance words,103
,,
Romance/pg5924.txt,Love,1
Romance/pg5924.txt,affair,0
Romance/pg5924.txt,heart,11
Romance/pg5924.txt,forgiveness,0
Romance/pg5924.txt,lover,2
Romance/pg5924.txt,lovers,0
Romance/pg5924.txt,kissed,0
Romance/pg5924.txt,madness,2
Romance/pg5924.txt,special,3
Romance/pg5924.txt,feelings,0
Romance/pg5924.txt,baby,0
Romance/pg5924.txt,fall,15
Romance/pg5924.txt,desire,2
Romance/pg5924.txt,loved,0
Romance/pg5924.txt,darling,0
Romance/pg5924.txt,Total Count of Romance words,36
,,
Romance/pg5909.txt,Love,0
Romance/pg5909.txt,affair,2
Romance/pg5909.txt,heart,19
Romance/pg5909.txt,forgiveness,0
Romance/pg5909.txt,lover,2
Romance/pg5909.txt,lovers,1
Romance/pg5909.txt,kissed,0
Romance/pg5909.txt,madness,1
Romance/pg5909.txt,special,5
Romance/pg5909.txt,feelings,0
Romance/pg5909.txt,baby,0
Romance/pg5909.txt,fall,15
Romance/pg5909.txt,desire,2
Romance/pg5909.txt,loved,2
Romance/pg5909.txt,darling,0
Romance/pg5909.txt,Total Count of Romance words,49
,,
Romance/pg5923.txt,Love,0
Romance/pg5923.txt,affair,1
Romance/pg5923.txt,heart,16
Romance/pg5923.txt,forgiveness,0
Romance/pg5923.txt,lover,1
Romance/pg5923.txt,lovers,1
Romance/pg5923.txt,kissed,0
Romance/pg5923.txt,madness,3
Romance/pg5923.txt,special,3
Romance/pg5923.txt,feelings,0
Romance/pg5923.txt,baby,0
Romance/pg5923.txt,fall,6
Romance/pg5923.txt,desire,5
Romance/pg5923.txt,loved,1
Romance/pg5923.txt,darling,0
Romance/pg5923.txt,Total Count of Romance words,37
,,
Romance/pg5904.txt,Love,0
Romance/pg5904.txt,affair,0
Romance/pg5904.txt,heart,3
Romance/pg5904.txt,forgiveness,0
Romance/pg5904.txt,lover,0
Romance/pg5904.txt,lovers,0
Romance/pg5904.txt,kissed,0
Romance/pg5904.txt,madness,0
Romance/pg5904.txt,special,2
Romance/pg5904.txt,feelings,0
Romance/pg5904.txt,baby,0
Romance/pg5904.txt,fall,5
Romance/pg5904.txt,desire,2
Romance/pg5904.txt,loved,0
Romance/pg5904.txt,darling,0
Romance/pg5904.txt,Total Count of Romance words,12
,,
Romance/pg42205.txt,Love,0
Romance/pg42205.txt,affair,0
Romance/pg42205.txt,heart,13
Romance/pg42205.txt,forgiveness,0
Romance/pg42205.txt,lover,19
Romance/pg42205.txt,lovers,5
Romance/pg42205.txt,kissed,0
Romance/pg42205.txt,madness,1
Romance/pg42205.txt,special,63
Romance/pg42205.txt,feelings,6
Romance/pg42205.txt,baby,0
Romance/pg42205.txt,fall,55
Romance/pg42205.txt,desire,16
Romance/pg42205.txt,loved,15
Romance/pg42205.txt,darling,0
Romance/pg42205.txt,Total Count of Romance words,193
,,
Romance/pg5930.txt,Love,0
Romance/pg5930.txt,affair,0
Romance/pg5930.txt,heart,6
Romance/pg5930.txt,forgiveness,0
Romance/pg5930.txt,lover,3
Romance/pg5930.txt,lovers,2
Romance/pg5930.txt,kissed,0
Romance/pg5930.txt,madness,0
Romance/pg5930.txt,special,3
Romance/pg5930.txt,feelings,0
Romance/pg5930.txt,baby,0
Romance/pg5930.txt,fall,2
Romance/pg5930.txt,desire,0
Romance/pg5930.txt,loved,0
Romance/pg5930.txt,darling,0
Romance/pg5930.txt,Total Count of Romance words,16
,,
Romance/pg32292.txt,Love,5
Romance/pg32292.txt,affair,5
Romance/pg32292.txt,heart,171
Romance/pg32292.txt,forgiveness,6
Romance/pg32292.txt,lover,28
Romance/pg32292.txt,lovers,8
Romance/pg32292.txt,kissed,15
Romance/pg32292.txt,madness,6
Romance/pg32292.txt,special,6
Romance/pg32292.txt,feelings,1
Romance/pg32292.txt,baby,0
Romance/pg32292.txt,fall,44
Romance/pg32292.txt,desire,22
Romance/pg32292.txt,loved,34
Romance/pg32292.txt,darling,0
Romance/pg32292.txt,Total Count of Romance words,351
,,
Romance/pg22053.txt,Love,0
Romance/pg22053.txt,affair,0
Romance/pg22053.txt,heart,48
Romance/pg22053.txt,forgiveness,0
Romance/pg22053.txt,lover,2
Romance/pg22053.txt,lovers,0
Romance/pg22053.txt,kissed,6
Romance/pg22053.txt,madness,1
Romance/pg22053.txt,special,14
Romance/pg22053.txt,feelings,0
Romance/pg22053.txt,baby,0
Romance/pg22053.txt,fall,26
Romance/pg22053.txt,desire,34
Romance/pg22053.txt,loved,31
Romance/pg22053.txt,darling,0
Romance/pg22053.txt,Total Count of Romance words,162
,,
Romance/pg54676.txt,Love,9
Romance/pg54676.txt,affair,6
Romance/pg54676.txt,heart,61
Romance/pg54676.txt,forgiveness,0
Romance/pg54676.txt,lover,14
Romance/pg54676.txt,lovers,7
Romance/pg54676.txt,kissed,4
Romance/pg54676.txt,madness,0
Romance/pg54676.txt,special,22
Romance/pg54676.txt,feelings,0
Romance/pg54676.txt,baby,26
Romance/pg54676.txt,fall,16
Romance/pg54676.txt,desire,1
Romance/pg54676.txt,loved,14
Romance/pg54676.txt,darling,1
Romance/pg54676.txt,Total Count of Romance words,181
,,
Romance/pg20406.txt,Love,15
Romance/pg20406.txt,affair,5
Romance/pg20406.txt,heart,31
Romance/pg20406.txt,forgiveness,0
Romance/pg20406.txt,lover,21
Romance/pg20406.txt,lovers,13
Romance/pg20406.txt,kissed,1
Romance/pg20406.txt,madness,0
Romance/pg20406.txt,special,36
Romance/pg20406.txt,feelings,0
Romance/pg20406.txt,baby,0
Romance/pg20406.txt,fall,52
Romance/pg20406.txt,desire,5
Romance/pg20406.txt,loved,7
Romance/pg20406.txt,darling,0
Romance/pg20406.txt,Total Count of Romance words,186
,,
Romance/86-0.txt,Love,0
Romance/86-0.txt,affair,7
Romance/86-0.txt,heart,93
Romance/86-0.txt,forgiveness,0
Romance/86-0.txt,lover,0
Romance/86-0.txt,lovers,0
Romance/86-0.txt,kissed,3
Romance/86-0.txt,madness,1
Romance/86-0.txt,special,16
Romance/86-0.txt,feelings,3
Romance/86-0.txt,baby,9
Romance/86-0.txt,fall,35
Romance/86-0.txt,desire,10
Romance/86-0.txt,loved,3
Romance/86-0.txt,darling,10
Romance/86-0.txt,Total Count of Romance words,190
,,
Romance/pg5927.txt,Love,0
Romance/pg5927.txt,affair,1
Romance/pg5927.txt,heart,2
Romance/pg5927.txt,forgiveness,0
Romance/pg5927.txt,lover,0
Romance/pg5927.txt,lovers,0
Romance/pg5927.txt,kissed,0
Romance/pg5927.txt,madness,0
Romance/pg5927.txt,special,1
Romance/pg5927.txt,feelings,0
Romance/pg5927.txt,baby,0
Romance/pg5927.txt,fall,1
Romance/pg5927.txt,desire,2
Romance/pg5927.txt,loved,2
Romance/pg5927.txt,darling,0
Romance/pg5927.txt,Total Count of Romance words,9
,,
Romance/pg14305.txt,Love,0
Romance/pg14305.txt,affair,0
Romance/pg14305.txt,heart,45
Romance/pg14305.txt,forgiveness,0
Romance/pg14305.txt,lover,0
Romance/pg14305.txt,lovers,0
Romance/pg14305.txt,kissed,10
Romance/pg14305.txt,madness,0
Romance/pg14305.txt,special,1
Romance/pg14305.txt,feelings,0
Romance/pg14305.txt,baby,0
Romance/pg14305.txt,fall,49
Romance/pg14305.txt,desire,8
Romance/pg14305.txt,loved,34
Romance/pg14305.txt,darling,13
Romance/pg14305.txt,Total Count of Romance words,160
,,
Romance/pg5919.txt,Love,0
Romance/pg5919.txt,affair,1
Romance/pg5919.txt,heart,3
Romance/pg5919.txt,forgiveness,0
Romance/pg5919.txt,lover,0
Romance/pg5919.txt,lovers,0
Romance/pg5919.txt,kissed,0
Romance/pg5919.txt,madness,0
Romance/pg5919.txt,special,2
Romance/pg5919.txt,feelings,0
Romance/pg5919.txt,baby,0
Romance/pg5919.txt,fall,0
Romance/pg5919.txt,desire,2
Romance/pg5919.txt,loved,0
Romance/pg5919.txt,darling,1
Romance/pg5919.txt,Total Count of Romance words,9
,,
Romance/pg5910.txt,Love,2
Romance/pg5910.txt,affair,0
Romance/pg5910.txt,heart,5
Romance/pg5910.txt,forgiveness,0
Romance/pg5910.txt,lover,3
Romance/pg5910.txt,lovers,1
Romance/pg5910.txt,kissed,1
Romance/pg5910.txt,madness,4
Romance/pg5910.txt,special,1
Romance/pg5910.txt,feelings,0
Romance/pg5910.txt,baby,0
Romance/pg5910.txt,fall,3
Romance/pg5910.txt,desire,1
Romance/pg5910.txt,loved,0
Romance/pg5910.txt,darling,0
Romance/pg5910.txt,Total Count of Romance words,21
,,
Romance/pg25654.txt,Love,0
Romance/pg25654.txt,affair,0
Romance/pg25654.txt,heart,16
Romance/pg25654.txt,forgiveness,0
Romance/pg25654.txt,lover,0
Romance/pg25654.txt,lovers,0
Romance/pg25654.txt,kissed,0
Romance/pg25654.txt,madness,0
Romance/pg25654.txt,special,1
Romance/pg25654.txt,feelings,0
Romance/pg25654.txt,baby,1
Romance/pg25654.txt,fall,9
Romance/pg25654.txt,desire,0
Romance/pg25654.txt,loved,37
Romance/pg25654.txt,darling,0
Romance/pg25654.txt,Total Count of Romance words,64
,,
Romance/42713-0.txt,Love,0
Romance/42713-0.txt,affair,0
Romance/42713-0.txt,heart,2
Romance/42713-0.txt,forgiveness,1
Romance/42713-0.txt,lover,7
Romance/42713-0.txt,lovers,5
Romance/42713-0.txt,kissed,0
Romance/42713-0.txt,madness,0
Romance/42713-0.txt,special,15
Romance/42713-0.txt,feelings,0
Romance/42713-0.txt,baby,2
Romance/42713-0.txt,fall,62
Romance/42713-0.txt,desire,6
Romance/42713-0.txt,loved,5
Romance/42713-0.txt,darling,1
Romance/42713-0.txt,Total Count of Romance words,106
,,
Romance/pg5938.txt,Love,2
Romance/pg5938.txt,affair,4
Romance/pg5938.txt,heart,9
Romance/pg5938.txt,forgiveness,0
Romance/pg5938.txt,lover,1
Romance/pg5938.txt,lovers,0
Romance/pg5938.txt,kissed,0
Romance/pg5938.txt,madness,0
Romance/pg5938.txt,special,5
Romance/pg5938.txt,feelings,0
Romance/pg5938.txt,baby,0
Romance/pg5938.txt,fall,9
Romance/pg5938.txt,desire,2
Romance/pg5938.txt,loved,0
Romance/pg5938.txt,darling,0
Romance/pg5938.txt,Total Count of Romance words,32
,,
Romance/pg38110.txt,Love,14
Romance/pg38110.txt,affair,1
Romance/pg38110.txt,heart,168
Romance/pg38110.txt,forgiveness,1
Romance/pg38110.txt,lover,21
Romance/pg38110.txt,lovers,11
Romance/pg38110.txt,kissed,13
Romance/pg38110.txt,madness,1
Romance/pg38110.txt,special,2
Romance/pg38110.txt,feelings,1
Romance/pg38110.txt,baby,0
Romance/pg38110.txt,fall,22
Romance/pg38110.txt,desire,37
Romance/pg38110.txt,loved,29
Romance/pg38110.txt,darling,0
Romance/pg38110.txt,Total Count of Romance words,321
,,
Romance/pg7247.txt,Love,0
Romance/pg7247.txt,affair,1
Romance/pg7247.txt,heart,11
Romance/pg7247.txt,forgiveness,0
Romance/pg7247.txt,lover,0
Romance/pg7247.txt,lovers,0
Romance/pg7247.txt,kissed,0
Romance/pg7247.txt,madness,0
Romance/pg7247.txt,special,2
Romance/pg7247.txt,feelings,0
Romance/pg7247.txt,baby,0
Romance/pg7247.txt,fall,4
Romance/pg7247.txt,desire,0
Romance/pg7247.txt,loved,0
Romance/pg7247.txt,darling,1
Romance/pg7247.txt,Total Count of Romance words,19
,,
Romance/60184-0.txt,Love,0
Romance/60184-0.txt,affair,13
Romance/60184-0.txt,heart,87
Romance/60184-0.txt,forgiveness,4
Romance/60184-0.txt,lover,0
Romance/60184-0.txt,lovers,0
Romance/60184-0.txt,kissed,15
Romance/60184-0.txt,madness,4
Romance/60184-0.txt,special,5
Romance/60184-0.txt,feelings,0
Romance/60184-0.txt,baby,0
Romance/60184-0.txt,fall,99
Romance/60184-0.txt,desire,48
Romance/60184-0.txt,loved,19
Romance/60184-0.txt,darling,0
Romance/60184-0.txt,Total Count of Romance words,294
,,
Romance/pg35993.txt,Love,13
Romance/pg35993.txt,affair,42
Romance/pg35993.txt,heart,204
Romance/pg35993.txt,forgiveness,2
Romance/pg35993.txt,lover,32
Romance/pg35993.txt,lovers,11
Romance/pg35993.txt,kissed,5
Romance/pg35993.txt,madness,34
Romance/pg35993.txt,special,68
Romance/pg35993.txt,feelings,0
Romance/pg35993.txt,baby,0
Romance/pg35993.txt,fall,129
Romance/pg35993.txt,desire,157
Romance/pg35993.txt,loved,30
Romance/pg35993.txt,darling,4
Romance/pg35993.txt,Total Count of Romance words,731
,,
Romance/pg5912.txt,Love,0
Romance/pg5912.txt,affair,1
Romance/pg5912.txt,heart,7
Romance/pg5912.txt,forgiveness,0
Romance/pg5912.txt,lover,0
Romance/pg5912.txt,lovers,0
Romance/pg5912.txt,kissed,0
Romance/pg5912.txt,madness,0
Romance/pg5912.txt,special,2
Romance/pg5912.txt,feelings,0
Romance/pg5912.txt,baby,0
Romance/pg5912.txt,fall,4
Romance/pg5912.txt,desire,3
Romance/pg5912.txt,loved,0
Romance/pg5912.txt,darling,0
Romance/pg5912.txt,Total Count of Romance words,17
,,
Romance/pg5935.txt,Love,4
Romance/pg5935.txt,affair,0
Romance/pg5935.txt,heart,9
Romance/pg5935.txt,forgiveness,0
Romance/pg5935.txt,lover,2
Romance/pg5935.txt,lovers,2
Romance/pg5935.txt,kissed,1
Romance/pg5935.txt,madness,0
Romance/pg5935.txt,special,1
Romance/pg5935.txt,feelings,0
Romance/pg5935.txt,baby,0
Romance/pg5935.txt,fall,10
Romance/pg5935.txt,desire,2
Romance/pg5935.txt,loved,1
Romance/pg5935.txt,darling,0
Romance/pg5935.txt,Total Count of Romance words,32
,,
Romance/pg5918.txt,Love,1
Romance/pg5918.txt,affair,2
Romance/pg5918.txt,heart,3
Romance/pg5918.txt,forgiveness,0
Romance/pg5918.txt,lover,0
Romance/pg5918.txt,lovers,0
Romance/pg5918.txt,kissed,0
Romance/pg5918.txt,madness,3
Romance/pg5918.txt,special,4
Romance/pg5918.txt,feelings,0
Romance/pg5918.txt,baby,0
Romance/pg5918.txt,fall,3
Romance/pg5918.txt,desire,7
Romance/pg5918.txt,loved,1
Romance/pg5918.txt,darling,0
Romance/pg5918.txt,Total Count of Romance words,24
,,
Romance/pg8491.txt,Love,0
Romance/pg8491.txt,affair,8
Romance/pg8491.txt,heart,117
Romance/pg8491.txt,forgiveness,0
Romance/pg8491.txt,lover,0
Romance/pg8491.txt,lovers,0
Romance/pg8491.txt,kissed,66
Romance/pg8491.txt,madness,0
Romance/pg8491.txt,special,8
Romance/pg8491.txt,feelings,0
Romance/pg8491.txt,baby,0
Romance/pg8491.txt,fall,43
Romance/pg8491.txt,desire,39
Romance/pg8491.txt,loved,25
Romance/pg8491.txt,darling,0
Romance/pg8491.txt,Total Count of Romance words,306
,,
Romance/56644-0.txt,Love,26
Romance/56644-0.txt,affair,16
Romance/56644-0.txt,heart,175
Romance/56644-0.txt,forgiveness,7
Romance/56644-0.txt,lover,78
Romance/56644-0.txt,lovers,29
Romance/56644-0.txt,kissed,22
Romance/56644-0.txt,madness,12
Romance/56644-0.txt,special,28
Romance/56644-0.txt,feelings,6
Romance/56644-0.txt,baby,1
Romance/56644-0.txt,fall,191
Romance/56644-0.txt,desire,88
Romance/56644-0.txt,loved,142
Romance/56644-0.txt,darling,1
Romance/56644-0.txt,Total Count of Romance words,822
,,
Romance/pg5933.txt,Love,0
Romance/pg5933.txt,affair,4
Romance/pg5933.txt,heart,18
Romance/pg5933.txt,forgiveness,0
Romance/pg5933.txt,lover,1
Romance/pg5933.txt,lovers,1
Romance/pg5933.txt,kissed,0
Romance/pg5933.txt,madness,1
Romance/pg5933.txt,special,4
Romance/pg5933.txt,feelings,0
Romance/pg5933.txt,baby,0
Romance/pg5933.txt,fall,10
Romance/pg5933.txt,desire,10
Romance/pg5933.txt,loved,2
Romance/pg5933.txt,darling,0
Romance/pg5933.txt,Total Count of Romance words,51
,,
Romance/pg749.txt,Love,4
Romance/pg749.txt,affair,6
Romance/pg749.txt,heart,142
Romance/pg749.txt,forgiveness,8
Romance/pg749.txt,lover,19
Romance/pg749.txt,lovers,7
Romance/pg749.txt,kissed,7
Romance/pg749.txt,madness,13
Romance/pg749.txt,special,7
Romance/pg749.txt,feelings,0
Romance/pg749.txt,baby,0
Romance/pg749.txt,fall,76
Romance/pg749.txt,desire,81
Romance/pg749.txt,loved,24
Romance/pg749.txt,darling,3
Romance/pg749.txt,Total Count of Romance words,397
,,
Romance/43793-0.txt,Love,2
Romance/43793-0.txt,affair,1
Romance/43793-0.txt,heart,26
Romance/43793-0.txt,forgiveness,3
Romance/43793-0.txt,lover,0
Romance/43793-0.txt,lovers,0
Romance/43793-0.txt,kissed,6
Romance/43793-0.txt,madness,0
Romance/43793-0.txt,special,13
Romance/43793-0.txt,feelings,5
Romance/43793-0.txt,baby,2
Romance/43793-0.txt,fall,8
Romance/43793-0.txt,desire,5
Romance/43793-0.txt,loved,10
Romance/43793-0.txt,darling,29
Romance/43793-0.txt,Total Count of Romance words,110
,,
Romance/pg5942.txt,Love,0
Romance/pg5942.txt,affair,5
Romance/pg5942.txt,heart,8
Romance/pg5942.txt,forgiveness,0
Romance/pg5942.txt,lover,1
Romance/pg5942.txt,lovers,1
Romance/pg5942.txt,kissed,0
Romance/pg5942.txt,madness,3
Romance/pg5942.txt,special,4
Romance/pg5942.txt,feelings,1
Romance/pg5942.txt,baby,0
Romance/pg5942.txt,fall,8
Romance/pg5942.txt,desire,2
Romance/pg5942.txt,loved,2
Romance/pg5942.txt,darling,0
Romance/pg5942.txt,Total Count of Romance words,35
,,
Romance/pg7243.txt,Love,0
Romance/pg7243.txt,affair,2
Romance/pg7243.txt,heart,8
Romance/pg7243.txt,forgiveness,0
Romance/pg7243.txt,lover,0
Romance/pg7243.txt,lovers,0
Romance/pg7243.txt,kissed,0
Romance/pg7243.txt,madness,0
Romance/pg7243.txt,special,3
Romance/pg7243.txt,feelings,1
Romance/pg7243.txt,baby,1
Romance/pg7243.txt,fall,3
Romance/pg7243.txt,desire,0
Romance/pg7243.txt,loved,1
Romance/pg7243.txt,darling,1
Romance/pg7243.txt,Total Count of Romance words,20
,,
Romance/996-0.txt,Love,41
Romance/996-0.txt,affair,72
Romance/996-0.txt,heart,396
Romance/996-0.txt,forgiveness,0
Romance/996-0.txt,lover,72
Romance/996-0.txt,lovers,30
Romance/996-0.txt,kissed,18
Romance/996-0.txt,madness,67
Romance/996-0.txt,special,83
Romance/996-0.txt,feelings,7
Romance/996-0.txt,baby,0
Romance/996-0.txt,fall,267
Romance/996-0.txt,desire,168
Romance/996-0.txt,loved,44
Romance/996-0.txt,darling,2
Romance/996-0.txt,Total Count of Romance words,1267
,,
Romance/pg5925.txt,Love,1
Romance/pg5925.txt,affair,1
Romance/pg5925.txt,heart,6
Romance/pg5925.txt,forgiveness,0
Romance/pg5925.txt,lover,2
Romance/pg5925.txt,lovers,1
Romance/pg5925.txt,kissed,2
Romance/pg5925.txt,madness,6
Romance/pg5925.txt,special,5
Romance/pg5925.txt,feelings,0
Romance/pg5925.txt,baby,0
Romance/pg5925.txt,fall,6
Romance/pg5925.txt,desire,3
Romance/pg5925.txt,loved,1
Romance/pg5925.txt,darling,0
Romance/pg5925.txt,Total Count of Romance words,34
,,
Romance/54541-0.txt,Love,0
Romance/54541-0.txt,affair,2
Romance/54541-0.txt,heart,85
Romance/54541-0.txt,forgiveness,1
Romance/54541-0.txt,lover,2
Romance/54541-0.txt,lovers,1
Romance/54541-0.txt,kissed,0
Romance/54541-0.txt,madness,1
Romance/54541-0.txt,special,41
Romance/54541-0.txt,feelings,1
Romance/54541-0.txt,baby,0
Romance/54541-0.txt,fall,28
Romance/54541-0.txt,desire,15
Romance/54541-0.txt,loved,4
Romance/54541-0.txt,darling,0
Romance/54541-0.txt,Total Count of Romance words,181
,,
Romance/pg5911.txt,Love,4
Romance/pg5911.txt,affair,2
Romance/pg5911.txt,heart,22
Romance/pg5911.txt,forgiveness,0
Romance/pg5911.txt,lover,5
Romance/pg5911.txt,lovers,1
Romance/pg5911.txt,kissed,0
Romance/pg5911.txt,madness,12
Romance/pg5911.txt,special,3
Romance/pg5911.txt,feelings,3
Romance/pg5911.txt,baby,0
Romance/pg5911.txt,fall,8
Romance/pg5911.txt,desire,19
Romance/pg5911.txt,loved,4
Romance/pg5911.txt,darling,0
Romance/pg5911.txt,Total Count of Romance words,83
,,
Romance/pg5915.txt,Love,0
Romance/pg5915.txt,affair,5
Romance/pg5915.txt,heart,42
Romance/pg5915.txt,forgiveness,0
Romance/pg5915.txt,lover,13
Romance/pg5915.txt,lovers,6
Romance/pg5915.txt,kissed,1
Romance/pg5915.txt,madness,4
Romance/pg5915.txt,special,12
Romance/pg5915.txt,feelings,1
Romance/pg5915.txt,baby,0
Romance/pg5915.txt,fall,29
Romance/pg5915.txt,desire,35
Romance/pg5915.txt,loved,7
Romance/pg5915.txt,darling,0
Romance/pg5915.txt,Total Count of Romance words,155
,,
Romance/pg5920.txt,Love,0
Romance/pg5920.txt,affair,2
Romance/pg5920.txt,heart,4
Romance/pg5920.txt,forgiveness,0
Romance/pg5920.txt,lover,1
Romance/pg5920.txt,lovers,1
Romance/pg5920.txt,kissed,0
Romance/pg5920.txt,madness,1
Romance/pg5920.txt,special,2
Romance/pg5920.txt,feelings,0
Romance/pg5920.txt,baby,0
Romance/pg5920.txt,fall,2
Romance/pg5920.txt,desire,2
Romance/pg5920.txt,loved,1
Romance/pg5920.txt,darling,0
Romance/pg5920.txt,Total Count of Romance words,16
,,
Romance/pg391.txt,Love,2
Romance/pg391.txt,affair,0
Romance/pg391.txt,heart,29
Romance/pg391.txt,forgiveness,1
Romance/pg391.txt,lover,0
Romance/pg391.txt,lovers,0
Romance/pg391.txt,kissed,4
Romance/pg391.txt,madness,2
Romance/pg391.txt,special,1
Romance/pg391.txt,feelings,0
Romance/pg391.txt,baby,0
Romance/pg391.txt,fall,31
Romance/pg391.txt,desire,1
Romance/pg391.txt,loved,2
Romance/pg391.txt,darling,0
Romance/pg391.txt,Total Count of Romance words,73
,,
Romance/pg41803.txt,Love,3
Romance/pg41803.txt,affair,10
Romance/pg41803.txt,heart,152
Romance/pg41803.txt,forgiveness,0
Romance/pg41803.txt,lover,25
Romance/pg41803.txt,lovers,7
Romance/pg41803.txt,kissed,32
Romance/pg41803.txt,madness,3
Romance/pg41803.txt,special,17
Romance/pg41803.txt,feelings,4
Romance/pg41803.txt,baby,4
Romance/pg41803.txt,fall,50
Romance/pg41803.txt,desire,35
Romance/pg41803.txt,loved,59
Romance/pg41803.txt,darling,1
Romance/pg41803.txt,Total Count of Romance words,402
,,
Romance/59626-0.txt,Love,0
Romance/59626-0.txt,affair,0
Romance/59626-0.txt,heart,40
Romance/59626-0.txt,forgiveness,0
Romance/59626-0.txt,lover,3
Romance/59626-0.txt,lovers,0
Romance/59626-0.txt,kissed,3
Romance/59626-0.txt,madness,0
Romance/59626-0.txt,special,1
Romance/59626-0.txt,feelings,0
Romance/59626-0.txt,baby,0
Romance/59626-0.txt,fall,25
Romance/59626-0.txt,desire,10
Romance/59626-0.txt,loved,9
Romance/59626-0.txt,darling,0
Romance/59626-0.txt,Total Count of Romance words,91
,,
Romance/pg5908.txt,Love,0
Romance/pg5908.txt,affair,0
Romance/pg5908.txt,heart,4
Romance/pg5908.txt,forgiveness,0
Romance/pg5908.txt,lover,1
Romance/pg5908.txt,lovers,0
Romance/pg5908.txt,kissed,0
Romance/pg5908.txt,madness,0
Romance/pg5908.txt,special,1
Romance/pg5908.txt,feelings,0
Romance/pg5908.txt,baby,0
Romance/pg5908.txt,fall,12
Romance/pg5908.txt,desire,1
Romance/pg5908.txt,loved,0
Romance/pg5908.txt,darling,0
Romance/pg5908.txt,Total Count of Romance words,19
,,
Romance/56652-0.txt,Love,0
Romance/56652-0.txt,affair,2
Romance/56652-0.txt,heart,22
Romance/56652-0.txt,forgiveness,0
Romance/56652-0.txt,lover,1
Romance/56652-0.txt,lovers,0
Romance/56652-0.txt,kissed,0
Romance/56652-0.txt,madness,0
Romance/56652-0.txt,special,5
Romance/56652-0.txt,feelings,0
Romance/56652-0.txt,baby,0
Romance/56652-0.txt,fall,5
Romance/56652-0.txt,desire,2
Romance/56652-0.txt,loved,4
Romance/56652-0.txt,darling,0
Romance/56652-0.txt,Total Count of Romance words,41
,,
Romance/1569-0.txt,Love,22
Romance/1569-0.txt,affair,17
Romance/1569-0.txt,heart,241
Romance/1569-0.txt,forgiveness,5
Romance/1569-0.txt,lover,17
Romance/1569-0.txt,lovers,7
Romance/1569-0.txt,kissed,19
Romance/1569-0.txt,madness,8
Romance/1569-0.txt,special,14
Romance/1569-0.txt,feelings,46
Romance/1569-0.txt,baby,0
Romance/1569-0.txt,fall,41
Romance/1569-0.txt,desire,74
Romance/1569-0.txt,loved,69
Romance/1569-0.txt,darling,0
Romance/1569-0.txt,Total Count of Romance words,580
,,
Romance/pg23819.txt,Love,1
Romance/pg23819.txt,affair,0
Romance/pg23819.txt,heart,45
Romance/pg23819.txt,forgiveness,0
Romance/pg23819.txt,lover,0
Romance/pg23819.txt,lovers,0
Romance/pg23819.txt,kissed,3
Romance/pg23819.txt,madness,0
Romance/pg23819.txt,special,1
Romance/pg23819.txt,feelings,0
Romance/pg23819.txt,baby,0
Romance/pg23819.txt,fall,77
Romance/pg23819.txt,desire,4
Romance/pg23819.txt,loved,11
Romance/pg23819.txt,darling,0
Romance/pg23819.txt,Total Count of Romance words,142
,,
Romance/pg11417.txt,Love,28
Romance/pg11417.txt,affair,0
Romance/pg11417.txt,heart,184
Romance/pg11417.txt,forgiveness,2
Romance/pg11417.txt,lover,68
Romance/pg11417.txt,lovers,33
Romance/pg11417.txt,kissed,22
Romance/pg11417.txt,madness,0
Romance/pg11417.txt,special,2
Romance/pg11417.txt,feelings,0
Romance/pg11417.txt,baby,1
Romance/pg11417.txt,fall,41
Romance/pg11417.txt,desire,55
Romance/pg11417.txt,loved,76
Romance/pg11417.txt,darling,0
Romance/pg11417.txt,Total Count of Romance words,512
,,
Romance/pg15551.txt,Love,0
Romance/pg15551.txt,affair,0
Romance/pg15551.txt,heart,42
Romance/pg15551.txt,forgiveness,0
Romance/pg15551.txt,lover,0
Romance/pg15551.txt,lovers,0
Romance/pg15551.txt,kissed,4
Romance/pg15551.txt,madness,0
Romance/pg15551.txt,special,6
Romance/pg15551.txt,feelings,0
Romance/pg15551.txt,baby,0
Romance/pg15551.txt,fall,34
Romance/pg15551.txt,desire,43
Romance/pg15551.txt,loved,21
Romance/pg15551.txt,darling,0
Romance/pg15551.txt,Total Count of Romance words,150
,,
Romance/pg10472.txt,Love,1
Romance/pg10472.txt,affair,0
Romance/pg10472.txt,heart,53
Romance/pg10472.txt,forgiveness,1
Romance/pg10472.txt,lover,2
Romance/pg10472.txt,lovers,1
Romance/pg10472.txt,kissed,5
Romance/pg10472.txt,madness,0
Romance/pg10472.txt,special,2
Romance/pg10472.txt,feelings,0
Romance/pg10472.txt,baby,0
Romance/pg10472.txt,fall,49
Romance/pg10472.txt,desire,38
Romance/pg10472.txt,loved,17
Romance/pg10472.txt,darling,0
Romance/pg10472.txt,Total Count of Romance words,169
,,
Romance/pg610.txt,Love,18
Romance/pg610.txt,affair,1
Romance/pg610.txt,heart,160
Romance/pg610.txt,forgiveness,0
Romance/pg610.txt,lover,11
Romance/pg610.txt,lovers,1
Romance/pg610.txt,kissed,16
Romance/pg610.txt,madness,15
Romance/pg610.txt,special,5
Romance/pg610.txt,feelings,0
Romance/pg610.txt,baby,0
Romance/pg610.txt,fall,77
Romance/pg610.txt,desire,19
Romance/pg610.txt,loved,70
Romance/pg610.txt,darling,2
Romance/pg610.txt,Total Count of Romance words,395
,,
Romance/pg750.txt,Love,1
Romance/pg750.txt,affair,3
Romance/pg750.txt,heart,118
Romance/pg750.txt,forgiveness,0
Romance/pg750.txt,lover,1
Romance/pg750.txt,lovers,0
Romance/pg750.txt,kissed,7
Romance/pg750.txt,madness,0
Romance/pg750.txt,special,3
Romance/pg750.txt,feelings,0
Romance/pg750.txt,baby,1
Romance/pg750.txt,fall,103
Romance/pg750.txt,desire,73
Romance/pg750.txt,loved,58
Romance/pg750.txt,darling,0
Romance/pg750.txt,Total Count of Romance words,368
,,
Romance/pg5937.txt,Love,2
Romance/pg5937.txt,affair,4
Romance/pg5937.txt,heart,10
Romance/pg5937.txt,forgiveness,0
Romance/pg5937.txt,lover,0
Romance/pg5937.txt,lovers,0
Romance/pg5937.txt,kissed,0
Romance/pg5937.txt,madness,0
Romance/pg5937.txt,special,5
Romance/pg5937.txt,feelings,0
Romance/pg5937.txt,baby,0
Romance/pg5937.txt,fall,13
Romance/pg5937.txt,desire,0
Romance/pg5937.txt,loved,1
Romance/pg5937.txt,darling,0
Romance/pg5937.txt,Total Count of Romance words,35
,,
Romance/pg3714.txt,Love,0
Romance/pg3714.txt,affair,1
Romance/pg3714.txt,heart,55
Romance/pg3714.txt,forgiveness,0
Romance/pg3714.txt,lover,1
Romance/pg3714.txt,lovers,0
Romance/pg3714.txt,kissed,3
Romance/pg3714.txt,madness,1
Romance/pg3714.txt,special,9
Romance/pg3714.txt,feelings,3
Romance/pg3714.txt,baby,0
Romance/pg3714.txt,fall,11
Romance/pg3714.txt,desire,9
Romance/pg3714.txt,loved,21
Romance/pg3714.txt,darling,1
Romance/pg3714.txt,Total Count of Romance words,115
